{
  "controller": "naive_thrower",
  "total_timesteps": 252,
  "block_released": true,
  "block_released_time": 252,
  "release_velocity_z": 1.0448807271107061,
  "release_velocity_hor": 1.4572798846217467,
  "success": false,
  "final_distance": -0.8525834550252567,
  "position_at_checkpoint": null,
  "position_at_release": [
    -0.580607171657969,
    0.22410493846041257,
    0.12994696287157947
  ],
  "final_arm_pos": [
    -0.7218312114997472,
    0.19359619475332926,
    0.7634408849947815
  ],
  "final_block_pos": [
    -1.3736312548148883,
    0.5371725850097349,
    0.0013412553723632925
  ]
}