{"run_name": "train-2knots", "reward": 1205.7598631866076, "trajectory": [[2.7, -1.22, 1.75, -2.1, -1.57, 3.14], [2.7, -1.22, 1.6561543723197534, -2.224907876821436, -1.57, 3.14], [2.7, -1.22, 1.4009412506878063, -2.562643203031504, -1.57, 3.14], [2.7, -1.22, 1.023846277217348, -3.057723522248844, -1.57, 3.14], [2.7, -1.22, 0.5643550940215688, -3.654666378092094, -1.57, 3.14], [2.7, -1.22, 0.06195334321365764, -4.2979893141798975, -1.57, 3.14], [2.7, -1.22, -0.44387333309319543, -4.932209874130888, -1.57, 3.14], [2.7, -1.22, -0.9136392927858008, -5.50184560156371, -1.57, 3.14], [2.7, -1.22, -1.3078588937509688, -5.951414040097001, -1.57, 3.14], [2.7, -1.22, -1.587046493875511, -6.225432733349403, -1.57, 3.14], [2.7, -1.22, -1.7121476041155748, -6.269070123364903, -1.57, 3.14], [2.7, -1.22, -1.6699769195876266, -6.066548557708495, -1.57, 3.14], [2.7, -1.22, -1.4874463708566226, -5.662623937502721, -1.57, 3.14], [2.7, -1.22, -1.1949171130422285, -5.107259351272924, -1.57, 3.14], [2.7, -1.22, -0.8227503012641095, -4.45041788754445, -1.57, 3.14], [2.7, -1.22, -0.40130709064192893, -3.742062634842642, -1.57, 3.14], [2.7, -1.22, 0.039051363704644126, -3.0321566816928454, -1.57, 3.14], [2.7, -1.22, 0.46796390665594645, -2.3706631166204053, -1.57, 3.14], [2.7, -1.22, 0.8550693830923142, -1.8075450281506615, -1.57, 3.14], [2.7, -1.22, 1.1700066378940805, -1.3927655048089607, -1.57, 3.14], [2.7, -1.22, 1.3848186578515607, -1.1718936965978666, -1.57, 3.14], [2.7, -1.22, 1.499496579458609, -1.1394192181926277, -1.57, 3.14], [2.7, -1.22, 1.53206260353394, -1.2568771453476404, -1.57, 3.14], [2.7, -1.22, 1.5008394486350152, -1.4852533115019553, -1.57, 3.14], [2.7, -1.22, 1.4241498333192986, -1.7855335500946223, -1.57, 3.14], [2.7, -1.22, 1.3203164761442503, -2.1187036945646915, -1.57, 3.14], [2.7, -1.22, 1.207662095667334, -2.445749578351214, -1.57, 3.14], [2.7, -1.22, 1.1045094104460125, -2.7276570348932387, -1.57, 3.14], [2.7, -1.22, 1.0291811390377468, -2.925411897629818, -1.57, 3.14], [2.7, -1.22, 0.9999999999999991, -2.9999999999999973, -1.57, 3.14]], "gripper_close_time": 130, "gripper_open_time": 206}
