{"run_name": "train-4knots", "reward": 1195.6639474933756, "trajectory": [[2.7, -1.22, 1.75, -2.1, -1.57, 3.14], [2.7, -1.22, 1.6625119077066162, -2.3473624328528655, -1.57, 3.14], [2.7, -1.22, 1.4299020046719089, -2.954672243467515, -1.57, 3.14], [2.7, -1.22, 1.096951851664044, -3.7197631999280265, -1.57, 3.14], [2.7, -1.22, 0.708443009451188, -4.440469070318478, -1.57, 3.14], [2.7, -1.22, 0.30915703880150647, -4.91462362272295, -1.57, 3.14], [2.7, -1.22, -0.056188576118366855, -4.9405406996095005, -1.57, 3.14], [2.7, -1.22, -0.3564605906669438, -4.418309912850445, -1.57, 3.14], [2.7, -1.22, -0.5908339927281708, -3.4750960579417343, -1.57, 3.14], [2.7, -1.22, -0.762584672684151, -2.268788690954194, -1.57, 3.14], [2.7, -1.22, -0.8749885209169872, -0.9572773679586453, -1.57, 3.14], [2.7, -1.22, -0.9313214278087825, 0.3015483549740856, -1.57, 3.14], [2.7, -1.22, -0.9348554454814084, 1.3520164647869544, -1.57, 3.14], [2.7, -1.22, -0.8887134136902207, 2.124661933083343, -1.57, 3.14], [2.7, -1.22, -0.7958243400488654, 2.662005653662182, -1.57, 3.14], [2.7, -1.22, -0.659104278042704, 3.0140527279938873, -1.57, 3.14], [2.7, -1.22, -0.4814692811571002, 3.230808257548872, -1.57, 3.14], [2.7, -1.22, -0.26583540287741647, 3.362277343797554, -1.57, 3.14], [2.7, -1.22, -0.01577310219297222, 3.454827499336907, -1.57, 3.14], [2.7, -1.22, 0.25535531658842453, 3.500397129176123, -1.57, 3.14], [2.7, -1.22, 0.526649767243007, 3.4490250035229124, -1.57, 3.14], [2.7, -1.22, 0.7770162656199062, 3.2496720884743335, -1.57, 3.14], [2.7, -1.22, 0.9853608275682559, 2.851299350127446, -1.57, 3.14], [2.7, -1.22, 1.1305894689371891, 2.202867754579307, -1.57, 3.14], [2.7, -1.22, 1.1955568345543854, 1.2711748827116787, -1.57, 3.14], [2.7, -1.22, 1.1923004052921027, 0.15484204654948455, -1.57, 3.14], [2.7, -1.22, 1.1459374955140367, -0.9884256554080366, -1.57, 3.14], [2.7, -1.22, 1.0816471169116735, -2.0006444275556245, -1.57, 3.14], [2.7, -1.22, 1.0246082811764994, -2.7238304742880306, -1.57, 3.14], [2.7, -1.22, 1.0, -3.0, -1.57, 3.14]], "gripper_close_time": 130, "gripper_open_time": 230}
