{"run_id": "39963b14-dc12-4dce-b5e3-8ad80a8486bb", "run_name": "train-6knots", "train_step": 708, "trajectory": [[2.7, -1.22, 1.75, -2.1, -1.57, 3.14], [2.7, -1.22, 1.2614622948488525, -2.468507953537545, -1.57, 3.14], [2.7, -1.22, 0.16998183103947873, -3.2146648212525015, -1.57, 3.14], [2.7, -1.22, -0.9632424139620186, -3.7994201137983525, -1.57, 3.14], [2.7, -1.22, -1.5770114626895353, -3.68372334182858, -1.57, 3.14], [2.7, -1.22, -1.2285416704864827, -2.459307944356049, -1.57, 3.14], [2.7, -1.22, -0.20582549748829204, -0.5250137330929653, -1.57, 3.14], [2.7, -1.22, 0.9246492764138989, 1.4127350561439957, -1.57, 3.14], [2.7, -1.22, 1.5958466521955783, 2.646908706388346, -1.57, 3.14], [2.7, -1.22, 1.314221463730698, 2.55847838599436, -1.57, 3.14], [2.7, -1.22, 0.30820248728775945, 1.3929359607075131, -1.57, 3.14], [2.7, -1.22, -0.7839966166228791, -0.11353376717812669, -1.57, 3.14], [2.7, -1.22, -1.319458774185363, -1.219113938707971, -1.57, 3.14], [2.7, -1.22, -0.6987578037425327, -1.2259008341024695, -1.57, 3.14], [2.7, -1.22, 0.9470213971346028, -0.17359424316292538, -1.57, 3.14], [2.7, -1.22, 2.8806396214131635, 1.2860666670571688, -1.57, 3.14], [2.7, -1.22, 4.346509941930799, 2.4828168739148317, -1.57, 3.14], [2.7, -1.22, 4.60918277757147, 2.763185516727385, -1.57, 3.14], [2.7, -1.22, 3.598486794377979, 2.028531085500073, -1.57, 3.14], [2.7, -1.22, 2.046015362087955, 0.8488685186569016, -1.57, 3.14], [2.7, -1.22, 0.7310948188450332, -0.16597886147226948, -1.57, 3.14], [2.7, -1.22, 0.4271272264707023, -0.411026854427423, -1.57, 3.14], [2.7, -1.22, 1.3913620722186384, 0.2971002473408469, -1.57, 3.14], [2.7, -1.22, 2.971672427891652, 1.3989729443601173, -1.57, 3.14], [2.7, -1.22, 4.42336454775886, 2.25955045794156, -1.57, 3.14], [2.7, -1.22, 5.002454503199185, 2.2444596635428984, -1.57, 3.14], [2.7, -1.22, 4.325545457362856, 1.0584957430613111, -1.57, 3.14], [2.7, -1.22, 2.9554267807449666, -0.7035631442756676, -1.57, 3.14], [2.7, -1.22, 1.6082083395543902, -2.3027255435890877, -1.57, 3.14], [2.7, -1.22, 1.0000000000000018, -2.9999999999999982, -1.57, 3.14]], "render": false, "gripper_close_time": 130, "gripper_open_time": 230}