{"run_name": "final", "trajectory": [[2.7, -1.22, 1.75, -2.1, -1.57, 3.14], [2.7, -1.22, 1.7075371882084467, -2.079925171385109, -1.57, 3.14], [2.7, -1.22, 1.5888228954534316, -2.0265736236315757, -1.57, 3.14], [2.7, -1.22, 1.4068683356644214, -1.9502547638761079, -1.57, 3.14], [2.7, -1.22, 1.1746847227708828, -1.8612779992554156, -1.57, 3.14], [2.7, -1.22, 0.9052832707022822, -1.7699527369062078, -1.57, 3.14], [2.7, -1.22, 0.6116751933880868, -1.6865883839651934, -1.57, 3.14], [2.7, -1.22, 0.3068717047577637, -1.6214943475690813, -1.57, 3.14], [2.7, -1.22, 0.003884018740778483, -1.5849800348545804, -1.57, 3.14], [2.7, -1.22, -0.28427665073340114, -1.5873548529583998, -1.57, 3.14], [2.7, -1.22, -0.5446689479069214, -1.6387971841381301, -1.57, 3.14], [2.7, -1.22, -0.768543007318675, -1.7416239179042419, -1.57, 3.14], [2.7, -1.22, -0.9536457734675154, -1.885966630009171, -1.57, 3.14], [2.7, -1.22, -1.0982830562251946, -2.0609086971724038, -1.57, 3.14], [2.7, -1.22, -1.2007606654634646, -2.2555334961134266, -1.57, 3.14], [2.7, -1.22, -1.259384411054078, -2.458924403551726, -1.57, 3.14], [2.7, -1.22, -1.272460102868787, -2.660164796206788, -1.57, 3.14], [2.7, -1.22, -1.2382935507793438, -2.848338050798099, -1.57, 3.14], [2.7, -1.22, -1.1551905646575, -3.012527544045146, -1.57, 3.14], [2.7, -1.22, -1.0214569543750087, -3.141816652667415, -1.57, 3.14], [2.7, -1.22, -0.8362098087590526, -3.226235564007932, -1.57, 3.14], [2.7, -1.22, -0.6079973344936976, -3.266821138908358, -1.57, 3.14], [2.7, -1.22, -0.3514523304287392, -3.271711317886896, -1.57, 3.14], [2.7, -1.22, -0.08130900528340097, -3.2491623927896924, -1.57, 3.14], [2.7, -1.22, 0.18769843222309082, -3.2074306554628906, -1.57, 3.14], [2.7, -1.22, 0.4408357733715119, -3.1547723977526374, -1.57, 3.14], [2.7, -1.22, 0.6633688094426385, -3.0994439115050763, -1.57, 3.14], [2.7, -1.22, 0.840563331717245, -3.0497014885663534, -1.57, 3.14], [2.7, -1.22, 0.9576851314761068, -3.013801420782612, -1.57, 3.14], [2.7, -1.22, 1.0, -3.0, -1.57, 3.14]], "gripper_close_time": 130, "gripper_open_time": 230}
