{"run_name": "train-3knots", "reward": 1196.135126017514, "trajectory": [[2.7, -1.22, 1.75, -2.1, -1.57, 3.14], [2.7, -1.22, 1.6583202964609904, -2.333894156062303, -1.57, 3.14], [2.7, -1.22, 1.410804742122323, -2.935312754817836, -1.57, 3.14], [2.7, -1.22, 1.0487386714015408, -3.7538599921195375, -1.57, 3.14], [2.7, -1.22, 0.613407418716186, -4.639140063820344, -1.57, 3.14], [2.7, -1.22, 0.14609631848380056, -5.440757165773194, -1.57, 3.14], [2.7, -1.22, -0.3119092948780715, -6.008315493831025, -1.57, 3.14], [2.7, -1.22, -0.7193240869518891, -6.1914192438467754, -1.57, 3.14], [2.7, -1.22, -1.0378144056577787, -5.860047957619321, -1.57, 3.14], [2.7, -1.22, -1.254737167410405, -5.061522150921437, -1.57, 3.14], [2.7, -1.22, -1.3706771983599157, -3.934474075061405, -1.57, 3.14], [2.7, -1.22, -1.3863286462245215, -2.618290623789947, -1.57, 3.14], [2.7, -1.22, -1.302385658722432, -1.2523586908577768, -1.57, 3.14], [2.7, -1.22, -1.1195423835718574, 0.023934829984382233, -1.57, 3.14], [2.7, -1.22, -0.838492968491009, 1.0712030449858068, -1.57, 3.14], [2.7, -1.22, -0.4607144196148561, 1.7544361992367423, -1.57, 3.14], [2.7, -1.22, -0.005689486663882852, 2.039298731169532, -1.57, 3.14], [2.7, -1.22, 0.48909333705592006, 1.9921292725586273, -1.57, 3.14], [2.7, -1.22, 0.9853626998218015, 1.683643594019439, -1.57, 3.14], [2.7, -1.22, 1.4448472499110045, 1.1845574661673794, -1.57, 3.14], [2.7, -1.22, 1.8292756356007795, 0.5655866596178598, -1.57, 3.14], [2.7, -1.22, 2.100376505168371, -0.1025530550137086, -1.57, 3.14], [2.7, -1.22, 2.2201000481319726, -0.749320909818495, -1.57, 3.14], [2.7, -1.22, 2.1772029441641827, -1.3253514643841, -1.57, 3.14], [2.7, -1.22, 2.0125040645597916, -1.8224049143448968, -1.57, 3.14], [2.7, -1.22, 1.7728038941191184, -2.236966528412978, -1.57, 3.14], [2.7, -1.22, 1.5049029176424833, -2.565521575300439, -1.57, 3.14], [2.7, -1.22, 1.2556016199302054, -2.804555323719367, -1.57, 3.14], [2.7, -1.22, 1.071700485782605, -2.950553042381857, -1.57, 3.14], [2.7, -1.22, 1.0, -3.0, -1.57, 3.14]], "gripper_close_time": 130, "gripper_open_time": 230}
