{"run_name": "final", "reward": 1167.0308122502754, "trajectory": [[2.7, -1.22, 1.75, -2.1, -1.57, 3.14], [2.7, -1.22, 1.647315724232044, -2.173524750627156, -1.57, 3.14], [2.7, -1.22, 1.3709161503786451, -2.3533182891416513, -1.57, 3.14], [2.7, -1.22, 0.9682811586155076, -2.5782095454930305, -1.57, 3.14], [2.7, -1.22, 0.4868906291183349, -2.787027449630836, -1.57, 3.14], [2.7, -1.22, -0.025775557937169236, -2.9186009315046113, -1.57, 3.14], [2.7, -1.22, -0.5222375223753, -2.9117589210638997, -1.57, 3.14], [2.7, -1.22, -0.9550153840203541, -2.7053303482582463, -1.57, 3.14], [2.7, -1.22, -1.2809363862028955, -2.2481871622186045, -1.57, 3.14], [2.7, -1.22, -1.4943156990672963, -1.5766127753215715, -1.57, 3.14], [2.7, -1.22, -1.6087707869897196, -0.771898204423411, -1.57, 3.14], [2.7, -1.22, -1.638078637439155, 0.08429356994622594, -1.57, 3.14], [2.7, -1.22, -1.5960162378845897, 0.9102995672576926, -1.57, 3.14], [2.7, -1.22, -1.4963605757950122, 1.6244568069813368, -1.57, 3.14], [2.7, -1.22, -1.3528886386394114, 2.145102308587509, -1.57, 3.14], [2.7, -1.22, -1.1792098724423044, 2.3934087026824686, -1.57, 3.14], [2.7, -1.22, -0.9850802700053949, 2.3557676759982855, -1.57, 3.14], [2.7, -1.22, -0.7764023709075695, 2.083789971392855, -1.57, 3.14], [2.7, -1.22, -0.5589111732832448, 1.6319219428599747, -1.57, 3.14], [2.7, -1.22, -0.33834167526683895, 1.0546099443934456, -1.57, 3.14], [2.7, -1.22, -0.12042887499276783, 0.40630032998706445, -1.57, 3.14], [2.7, -1.22, 0.08909222940455053, -0.2585605463653695, -1.57, 3.14], [2.7, -1.22, 0.28449586689156914, -0.8856641087459111, -1.57, 3.14], [2.7, -1.22, 0.4611727456399697, -1.4373729284150012, -1.57, 3.14], [2.7, -1.22, 0.616681942525801, -1.9084274244588613, -1.57, 3.14], [2.7, -1.22, 0.7488316661485942, -2.2972880240117863, -1.57, 3.14], [2.7, -1.22, 0.8554301251078803, -2.6024151542080705, -1.57, 3.14], [2.7, -1.22, 0.9342855280031895, -2.822269242182004, -1.57, 3.14], [2.7, -1.22, 0.9832060834340525, -2.955310715067883, -1.57, 3.14], [2.7, -1.22, 1.0, -3.0, -1.57, 3.14]], "gripper_close_time": 130, "gripper_open_time": 203}
