{"run_name": "train-5knots", "reward": 1155.1942246741794, "trajectory": [[2.7, -1.22, 1.75, -2.1, -1.57, 3.14], [2.7, -1.22, 1.5803052206302717, -2.2103562421500507, -1.57, 3.14], [2.7, -1.22, 1.1539025651309665, -2.4633152971703938, -1.57, 3.14], [2.7, -1.22, 0.5948145574169053, -2.7417126579163176, -1.57, 3.14], [2.7, -1.22, 0.027063721402908802, -2.9283838172431116, -1.57, 3.14], [2.7, -1.22, -0.42546947084932524, -2.906337270570162, -1.57, 3.14], [2.7, -1.22, -0.6870601254865574, -2.617229382546329, -1.57, 3.14], [2.7, -1.22, -0.8000284386001792, -2.1464816485865246, -1.57, 3.14], [2.7, -1.22, -0.8244510879218702, -1.601140884618004, -1.57, 3.14], [2.7, -1.22, -0.8204047511833085, -1.0882539065680212, -1.57, 3.14], [2.7, -1.22, -0.8470953415644654, -0.7137777075641197, -1.57, 3.14], [2.7, -1.22, -0.9114828991428694, -0.5182799127510469, -1.57, 3.14], [2.7, -1.22, -0.939546360687261, -0.4409746269002203, -1.57, 3.14], [2.7, -1.22, -0.850298546552722, -0.41235737238535275, -1.57, 3.14], [2.7, -1.22, -0.5627522770943347, -0.3629236715801568, -1.57, 3.14], [2.7, -1.22, -0.001417478003721153, -0.2254408143198088, -1.57, 3.14], [2.7, -1.22, 0.7827625022870095, 0.015073257946827068, -1.57, 3.14], [2.7, -1.22, 1.612410892605272, 0.32134995215720186, -1.57, 3.14], [2.7, -1.22, 2.3046538164419395, 0.6538489077873029, -1.57, 3.14], [2.7, -1.22, 2.6766173972878784, 0.9730297643131138, -1.57, 3.14], [2.7, -1.22, 2.565014661684252, 1.2385071933506564, -1.57, 3.14], [2.7, -1.22, 2.0342563841318544, 1.4000731151438457, -1.57, 3.14], [2.7, -1.22, 1.2956551120086583, 1.401182190986854, -1.57, 3.14], [2.7, -1.22, 0.5629717555739231, 1.1851834611913563, -1.57, 3.14], [2.7, -1.22, 0.04996722508691276, 0.6954259660690294, -1.57, 3.14], [2.7, -1.22, -0.06681598128945888, -0.099922039573512, -1.57, 3.14], [2.7, -1.22, 0.14173663099123307, -1.067694162967308, -1.57, 3.14], [2.7, -1.22, 0.503803222870127, -2.0074143016331165, -1.57, 3.14], [2.7, -1.22, 0.8472642079915929, -2.7184077993757456, -1.57, 3.14], [2.7, -1.22, 0.9999999999999996, -2.9999999999999996, -1.57, 3.14]], "gripper_close_time": 130, "gripper_open_time": 206}
